test_id,text_type,company,input_text,expected,predicted,correct,confidence,score,detected_company,reasoning,latency_ms
1,news,Aurora Steel Ltd,"Aurora Steel Ltd reported a 32% year-on-year jump in quarterly net profit to Rs 1,845 crore, beating street estimates, as higher realisations and lower coking coal costs lifted margins. The stock rose 6% in early trade.",Positive,Positive,1,1.0,0.9999,Aurora Steel Ltd,"The company reported better-than-expected profits and its shares increased, indicating positive sentiment.",20686
2,news,Brightwave Technologies,"Brightwave Technologies shares hit a 52-week high after the IT services firm signed a five-year, $750 million digital transformation deal with a leading US bank, its largest contract to date.",Positive,Positive,1,1.0,0.9999,Brightwave Technologies,The company has achieved a significant milestone and its stock price reflects positive sentiment.,17157
3,news,Sunrise Pharma,"Sunrise Pharma received final approval from the US FDA for its generic version of a blockbuster diabetes drug, opening a market estimated at $1.2 billion annually. Analysts expect the launch to add meaningfully to earnings from next year.",Positive,Positive,1,0.9998,0.9996,Sunrise Pharma,The text highlights positive aspects such as regulatory approval and potential significant market impact which indicates a favorable outlook for the company.,20718
4,news,Kaveri Power Ltd,"Kaveri Power's net loss narrowed sharply to Rs 45 crore from Rs 390 crore a year ago, far better than analysts had feared, as plant utilisation improved. Shares surged 9%.",Positive,Positive,1,0.9999,0.9998,Kaveri Power,Net loss improvement and positive reaction in share price indicates favorable sentiment.,12741
5,news,Pinnacle Motors,Pinnacle Motors shares slumped 11% after the automaker reported a 40% drop in quarterly profit and warned that a semiconductor shortage would hit production for the rest of the year.,Negative,Negative,1,0.9999,-0.9998,Pinnacle Motors,"The company experienced a significant decline in profits and issued a warning, indicating negative sentiment.",14538
6,news,Everest Bank,The central bank imposed a penalty of Rs 25 crore on Everest Bank for lapses in KYC compliance and barred it from onboarding new credit-card customers until the deficiencies are fixed.,Negative,Negative,1,0.9972,-0.9968,Everest Bank,Imposing a penalty and barring access to new customers indicates negative impact on the company.,13718
7,news,Lotus Retail,"Lotus Retail's quarterly revenue grew 8%, but net profit missed consensus estimates by a wide margin as discounting and higher rent costs squeezed margins; the stock fell 5% on the results.",Negative,Negative,1,0.9999,-0.9998,Lotus Retail,Revenue growth was positive but profitability was below expectations leading to negative sentiment.,13984
8,news,Greenfield Agro,"Rating agency CRISTAL downgraded Greenfield Agro's long-term debt to 'D' after the company delayed interest payments on its non-convertible debentures, citing a severe liquidity crunch.",Negative,Negative,1,0.9999,-0.9999,Greenfield Agro,Downgrading by a rating agency indicates negative sentiment towards the company.,13191
9,news,Coastal Cements,"Coastal Cements will announce its results for the quarter ended September on October 24, the company said in a regulatory filing on Monday.",Neutral,Neutral,1,0.9976,0.0013,Coastal Cements,This is a procedural update with no specific positive or negative implications.,14556
10,news,Meridian Finance,"Meridian Finance's quarterly results were broadly in line with expectations: loan growth of 14% was offset by a slight rise in credit costs, and the stock ended the day flat.",Neutral,Neutral,1,0.9507,0.0343,Meridian Finance,Results meet expectations and the stock ends the day unchanged.,15697
11,news,Horizon Airlines,Horizon Airlines said it will shift its corporate headquarters from Gurugram to a new office in Delhi's Aerocity by March next year.,Neutral,Neutral,1,0.9775,0.02,Horizon Airlines,This is a neutral statement as it provides information about a change in office location without indicating any positive or negative impact on the company's performance.,15271
12,news,Nexus Telecom,Nexus Telecom's shares will be included in the Nifty Midcap 150 index and excluded from the Nifty Smallcap 250 index as part of the semi-annual index rebalancing effective from next month.,Neutral,Neutral,1,0.9729,0.0231,Nexus Telecom,This is neutral news regarding the company's stock performance.,17572
13,announcement,Aurora Steel Ltd,"Aurora Steel Ltd is pleased to announce that the Board of Directors has approved a buyback of equity shares worth Rs 2,000 crore at a price of Rs 1,450 per share, a premium of 22% to the current market price.",Positive,Positive,1,0.9876,0.9845,Aurora Steel Ltd,The company announced a positive action by approving a buyback program which indicates confidence in its future prospects.,15035
14,announcement,Sunrise Pharma,"Sunrise Pharma announces that the Board has recommended a final dividend of Rs 18 per share, the highest in the company's history, in addition to the interim dividend of Rs 7 paid earlier in the year.",Positive,Positive,1,0.9939,0.9913,Sunrise Pharma,The announcement indicates strong profitability and high shareholder returns.,13922
15,announcement,Vertex Infra Projects,"Vertex Infra Projects Ltd hereby informs that it has been declared the lowest bidder (L1) for a Rs 3,400 crore metro rail project, taking the company's order book to a record Rs 28,000 crore.",Positive,Positive,1,0.9991,0.9986,Vertex Infra Projects Ltd,The company received a significant contract and its order book increased significantly.,13097
16,announcement,Brightwave Technologies,"Brightwave Technologies announces the successful completion of the acquisition of CloudNine Analytics, which is expected to be earnings-accretive from the first full year and adds 120 enterprise clients.",Positive,Positive,1,0.9989,0.9988,Brightwave Technologies,Acquisition is positive as it increases revenue and client base.,18655
17,announcement,Greenfield Agro,Greenfield Agro Ltd informs the exchange that it has defaulted on the repayment of principal and interest of Rs 310 crore due to its lenders on 30 September.,Negative,Negative,1,0.9998,-0.9997,Greenfield Agro Ltd,"Company failed to meet its financial obligations, indicating poor creditworthiness.",11103
18,announcement,Pinnacle Motors,Pinnacle Motors announces the temporary suspension of operations at its Pune manufacturing plant with immediate effect following a major fire; the plant accounts for nearly 35% of the company's output.,Negative,Negative,1,0.9876,-0.9871,Pinnacle Motors,The company has faced operational issues due to a fire which significantly impacts their production capacity.,7038
19,announcement,Lotus Retail,"Lotus Retail Ltd informs that its Chief Financial Officer and the statutory auditor have resigned with immediate effect, and the auditor has raised concerns about certain related-party transactions.",Negative,Negative,1,0.949,-0.9484,Lotus Retail Ltd,Resignation of key personnel and concern raised by auditor indicate potential issues affecting the company.,7642
20,announcement,Everest Bank,"Everest Bank announces that the Enforcement Directorate has initiated an investigation into alleged irregularities in loans sanctioned to a group of real-estate companies, and has attached assets worth Rs 800 crore.",Negative,Negative,1,0.8723,-0.8703,Everest Bank,Investigation by regulatory body indicates potential legal issues affecting the bank.,6979
21,announcement,Coastal Cements,Coastal Cements Ltd hereby informs that a meeting of the Board of Directors is scheduled on 24 October to consider and approve the unaudited financial results for the quarter ended 30 September.,Neutral,Neutral,1,0.999,0.0005,Coastal Cements Ltd,It is a procedural announcement with no specific positive or negative implications.,6570
22,announcement,Meridian Finance,"Pursuant to Regulation 30 of the SEBI (LODR) Regulations, Meridian Finance Ltd informs that the trading window for dealing in its securities will remain closed for designated persons until 48 hours after the declaration of results.",Neutral,Neutral,1,0.9961,-0.0018,Meridian Finance Ltd,This is a standard regulatory notification with no specific positive or negative implications.,6515
23,announcement,Horizon Airlines,"Horizon Airlines Ltd informs that the 18th Annual General Meeting of the company will be held on 12 August through video conferencing, and the record date for the purpose of the AGM is 5 August.",Neutral,Neutral,1,0.9999,0.0001,Horizon Airlines Ltd,It provides general information about upcoming events without implying any positive or negative impact on the company.,6496
24,announcement,Nexus Telecom,"Nexus Telecom Ltd announces the appointment of M/s Rao & Associates, Chartered Accountants, as the secretarial auditor of the company for a term of five years, subject to shareholders' approval.",Neutral,Neutral,1,0.9981,0.0017,Nexus Telecom Ltd,This is a standard procedure and does not indicate any positive or negative impact on the company's performance.,6515
25,analyst,Brightwave Technologies,"We upgrade Brightwave Technologies to BUY from HOLD and raise our target price to Rs 1,850, implying 28% upside. Strong deal wins and improving margins give us confidence in double-digit earnings growth over FY26-28.",Positive,Positive,1,1.0,0.9999,Brightwave Technologies,"Analyst upgraded the stock and increased its target price, indicating positive outlook.",7102
26,analyst,Aurora Steel Ltd,"Aurora Steel remains our top pick in the metals space. Capacity expansion is on track, costs are falling and we see return on equity improving to 20% by FY27. Reiterate OUTPERFORM.",Positive,Positive,1,0.9999,0.9999,Aurora Steel,Analyst believes Aurora Steel has strong growth prospects and positive financial metrics.,7391
27,analyst,Kaveri Power Ltd,Kaveri Power's turnaround is gaining momentum: we expect the company to turn profitable next quarter as the new tariff order kicks in. We initiate coverage with a BUY rating and a target of Rs 260.,Positive,Positive,1,0.9999,0.9998,Kaveri Power,Analyst predicts positive future outlook and initiates coverage with a favorable rating.,6839
28,analyst,Sunrise Pharma,"Sunrise Pharma's US pipeline is the strongest among Indian peers, with 12 approvals expected over two years. We raise our FY27 EPS estimate by 15% and maintain ADD with a higher target price.",Positive,Positive,1,0.9999,0.9998,Sunrise Pharma,Analyst raises EPS estimate and maintains positive outlook.,6587
29,analyst,Pinnacle Motors,"We downgrade Pinnacle Motors to SELL. Rising competition in the EV segment, market-share losses and elevated inventory levels are likely to pressure margins; we cut our target price by 25% to Rs 540.",Negative,Negative,1,1.0,-0.9999,Pinnacle Motors,Analyst believes the company is underperforming and has lowered its rating and target price.,7938
30,analyst,Lotus Retail,"Lotus Retail's same-store sales growth has decelerated for the fourth consecutive quarter. With store expansion slowing and rentals rising, we see downside risk to consensus earnings and maintain UNDERPERFORM.",Negative,Negative,1,0.9998,-0.9998,Lotus Retail,Analyst mentions negative factors such as slower store expansion and rising rents which indicate potential downward pressure on earnings.,7341
31,analyst,Greenfield Agro,"Given the default on its debt and the absence of a credible refinancing plan, we suspend our rating on Greenfield Agro and advise investors to exit; equity holders face a meaningful risk of dilution or loss.",Negative,Negative,1,0.9999,-0.9998,Greenfield Agro,Analyst advises exiting due to significant risks associated with the company's situation.,7186
32,analyst,Everest Bank,Everest Bank's asset-quality deterioration is worse than we expected: gross NPAs rose to 6.8% and slippages in the unsecured book remain high. We cut our earnings estimates by 18% and move to REDUCE.,Negative,Negative,1,0.9999,-0.9999,Everest Bank,Analyst cuts earnings estimates and moves to negative rating indicating poor outlook.,7283
33,analyst,Meridian Finance,"We maintain our HOLD rating on Meridian Finance with an unchanged target price. Loan growth and margins are tracking our estimates, and the current valuation fairly reflects the company's prospects.",Neutral,Neutral,1,0.7363,0.2533,Meridian Finance,Analyst maintains previous stance with minor adjustments.,6822
34,analyst,Coastal Cements,"Coastal Cements' results were in line with our forecasts. Volume growth was healthy, but pricing remained weak; we see balanced risks and keep our NEUTRAL stance.",Neutral,Neutral,1,0.9733,0.019,Coastal Cements,"Analyst acknowledges positive aspects like volume growth but also notes weakness in pricing, leading to neutral conclusion.",8454
35,analyst,Horizon Airlines,"Horizon Airlines benefits from strong travel demand, but high fuel prices and a stretched balance sheet offset the positives. We initiate coverage with an EQUAL-WEIGHT rating.",Neutral,Neutral,1,0.7926,-0.1872,Horizon Airlines,"Analyst acknowledges positive factors but also highlights negative ones, resulting in neutral outlook.",8980
36,analyst,Nexus Telecom,"Nexus Telecom's tariff hike should support revenue, but the higher spectrum payments due next year will absorb most of the benefit. Our estimates are unchanged and we reiterate HOLD.",Neutral,Neutral,1,0.5006,-0.4864,Nexus Telecom,Analyst believes positive impact outweighs negative but does not change estimate or recommendation.,8171
37,investor,Sunrise Pharma,"I've held Sunrise Pharma since 2019 and the management has delivered on every promise. With the new FDA approvals, I'm increasing my position - this is a long-term compounder.",Positive,Positive,1,0.9999,0.9999,Sunrise Pharma,Investor expresses positive views on the company's track record and recent developments.,9262
38,investor,Aurora Steel Ltd,Aurora Steel's buyback at a 22% premium shows the promoters believe the stock is undervalued. As a shareholder I'm very happy and will tender part of my holding.,Positive,Positive,1,0.9998,0.9997,Aurora Steel,Investor views the buyback as positive action by management and feels it reflects confidence in the stock.,10017
39,investor,Vertex Infra Projects,"Vertex Infra's order book is now almost five times its annual revenue. Execution has been solid, so I expect strong earnings visibility for years. Adding more to my portfolio.",Positive,Positive,1,0.9999,0.9999,Vertex Infra,Investor expresses positive expectation of strong earnings visibility due to increasing order book.,9631
40,investor,Kaveri Power Ltd,Finally some good news for Kaveri Power shareholders - losses are shrinking every quarter and the debt is coming down. I think the worst is behind us.,Positive,Positive,1,0.9998,0.9997,Kaveri Power,Investor expresses optimism about declining losses and reduced debt.,9453
41,investor,Lotus Retail,Sold my entire stake in Lotus Retail today. The auditor resigning and raising red flags about related-party deals is a deal-breaker for me. Corporate governance matters.,Negative,Negative,1,0.9996,-0.9994,Lotus Retail,Investor is selling due to concerns about corporate governance issues.,11979
42,investor,Greenfield Agro,I'm an investor in Greenfield Agro and I'm deeply disappointed. The company kept assuring us that there was no liquidity problem and now it has defaulted. My investment is down 70%.,Negative,Negative,1,0.9999,-0.9998,Greenfield Agro,Investor expresses disappointment and loss of capital.,10938
43,investor,Pinnacle Motors,Pinnacle Motors keeps losing market share to newer EV players and management has no clear answer. I don't see any reason to hold this stock anymore.,Negative,Negative,1,0.9999,-0.9999,Pinnacle Motors,"Investor expresses concern about declining market share and lack of strategy, leading to a negative sentiment.",10171
44,investor,Everest Bank,"The ED investigation into Everest Bank's loans worries me a lot. Until there is clarity, I'm reducing my exposure - there could be more skeletons in the closet.",Negative,Negative,1,0.9989,-0.9985,Everest Bank,Investor expresses concern due to ongoing investigations and potential for additional problems.,8732
45,investor,Meridian Finance,I hold some Meridian Finance shares. Does anyone know when the record date for the interim dividend is?,Neutral,Neutral,1,0.9909,-0.0018,Meridian Finance,Investor asking about dividend details.,10001
46,investor,Coastal Cements,Coastal Cements looks fairly valued to me at current levels. I'll keep my existing holding but won't add more until I see the next set of results.,Neutral,Neutral,1,0.9789,0.0115,Coastal Cements,Investor views it as fair value and doesn't recommend buying or selling.,9880
47,investor,Horizon Airlines,"Horizon Airlines has good passenger growth but carries a lot of debt. The positives and negatives balance out for me, so I'm staying on the sidelines for now.",Neutral,Neutral,1,0.9953,-0.0014,Horizon Airlines,The investor sees a mixed picture but finds it balanced enough to stay neutral.,9480
48,investor,Nexus Telecom,Nexus Telecom is moving to the Midcap index next month. Not sure whether that will change anything for long-term investors like me.,Neutral,Neutral,1,0.952,-0.0152,Nexus Telecom,Commentary on potential impact on investors rather than direct implications on the company itself.,8430
49,social,Brightwave Technologies,$BRWV just smashed earnings and landed a $750M deal 🚀🚀 This one is going to the moon! Loading up more tomorrow #bullish,Positive,Positive,1,0.9996,0.9992,$BRWV,Social media user expresses positive sentiment about earnings and deals.,8394
50,social,Vertex Infra Projects,"Vertex Infra bagging order after order 🔥 L1 in a Rs 3,400 cr metro project. Infra theme is on fire and $VRTX is leading it. Super bullish!",Positive,Positive,1,0.999,0.998,Vertex Infra,Social media user expresses strong positive sentiment regarding Vertex Infra's performance.,9895
51,social,Sunrise Pharma,Sunrise Pharma record dividend + FDA nod in the same month?? Dream run for shareholders 💰📈 Holding tight,Positive,Positive,1,0.9913,0.9892,Sunrise Pharma,The post expresses enthusiasm about the company's actions and suggests holding onto shares.,8640
52,social,Kaveri Power Ltd,"Kaveri Power up 9% today! The turnaround story is real. Bought the dip last month, feeling great 😎 #KaveriPower",Positive,Positive,1,0.9999,0.9997,Kaveri Power,Social media user bought the dip and shares have appreciated since then.,9360
53,social,Greenfield Agro,Greenfield Agro defaulted again 🤡 total rug pull. Anyone still holding this is a bagholder. Stay far away!!,Negative,Negative,1,0.9998,-0.9997,Greenfield Agro,Social media post expresses negative sentiment towards the company and warns others to stay away.,8339
54,social,Lotus Retail,"Auditor quits, CFO quits... wow, Lotus Retail is really setting new standards in corporate governance 👏👏 Can't wait to see what else they're hiding lol",Negative,Negative,1,0.6664,-0.4599,Lotus Retail,Social media post expresses concern about management changes and potential issues.,8551
55,social,Pinnacle Motors,"$PNCL down 11% after that profit crash 📉📉 Plant fire, chip shortage, losing EV market share... this stock is a disaster. Dumping everything.",Negative,Negative,1,0.9999,-0.9997,$PNCL,Social media user expresses negative sentiment due to multiple issues affecting the company's profitability and market share.,11939
56,social,Everest Bank,"ED raids at Everest Bank 😬 penalty last month, investigation this month. Something is seriously wrong there. Exit before it gets worse. #EverestBank",Negative,Negative,1,0.9997,-0.9995,Everest Bank,Social media post expresses concern about bank issues and advises exiting the stock.,10128
57,social,Coastal Cements,Coastal Cements results are out on Oct 24. What are you all expecting? Drop your estimates below 👇,Neutral,Neutral,1,0.9468,-0.0086,Coastal Cements,Social media post asking for investor expectations does not provide any specific information about the company's performance.,11299
58,social,Meridian Finance,"Meridian Finance closed flat today after results. Nothing exciting either way, just in line. #stockmarket",Neutral,Neutral,1,0.9744,-0.0168,Meridian Finance,"No positive or negative implications, just reporting results.",10212
59,social,Horizon Airlines,Just saw that Horizon Airlines is moving its HQ to Aerocity. Interesting move. Anyone know why?,Neutral,Neutral,1,0.9251,0.0655,Horizon Airlines,Social media post does not provide any context or positive/negative implications for the company.,9317
60,social,Nexus Telecom,Index rebalancing update: Nexus Telecom moves from Smallcap 250 to Midcap 150 from next month. FYI for index fund followers.,Neutral,Neutral,1,0.9979,0.0003,Nexus Telecom,Information about an upcoming change in classification does not indicate any specific positive or negative impact on the company's stock price.,11545
